title,url,domain,score
UIPL 15-25,http://www.dol.gov/agencies/eta/advisories/uipl-15-25,dol.gov,0.257
"UIPL 15-24, Change 1",http://www.dol.gov/agencies/eta/advisories/uipl-15-24-change-1,dol.gov,0.254
Nationwide Personal Loan Referral Partnership,https://www.freelancer.com/projects/lead-generation/Nationwide-Personal-Loan-Referral.html,freelancer.com,0.221
Freedom of association training modules in the Philippines,https://www.ilo.org/resource/training-material/freedom-association-training-modules-philippines,ilo.org,0.261
Law and policy,https://www.ilo.org/coop-sse-law-policy,ilo.org,0.271
Estonia ratifies the 1986 Instrument of Amendment to the ILO Constitution,https://www.ilo.org/resource/news/estonia-ratifies-1986-instrument-amendment-ilo-constitution,ilo.org,0.283
"Workday Acquires Paradox, A Bigger Deal Than You Think",https://joshbersin.com/podcast/workday-acquires-paradox-a-bigger-deal-than-you-think/,joshbersin.com,0.220
Littler Strengthens Labor Practice with the Addition of Veteran Labor Relations Attorney Dan Mueller,https://www.littler.com/press/press-release/littler-strengthens-labor-practice-addition-veteran-labor-relations-attorney,littler.com,0.269
What Has Been Happening at OCAHO in 2024-2025?,https://www.littler.com/news-analysis/asap/what-has-been-happening-ocaho-2024-2025,littler.com,0.251
DOJ’s Growing War on ‘Illegal DEI’ Adds Risk to Corporate Hiring,https://www.littler.com/press/news/dojs-growing-war-illegal-dei-adds-risk-corporate-hiring,littler.com,0.260
Littler Featured in 2026 Chambers Latin America Guide,https://www.littler.com/press/press-release/littler-featured-2026-chambers-latin-america-guide,littler.com,0.284
Common Challenges Organizations Face With AI Adoption—and How to Overcome Them,https://www.mbopartners.com/blog/independent-workforce-trends/common-challenges-organizations-face-when-implementing-ai-and-how-to-overcome-them/,mbopartners.com,0.251
How Are Independent Professionals Using AI to Get Ahead?,https://www.mbopartners.com/blog/how-grow-small-business/5-ways-to-use-generative-ai-for-your-small-business/,mbopartners.com,0.239
Why Independent Professionals Are Leading the Way in AI Adoption,https://www.mbopartners.com/blog/independent-workforce-trends/why-independent-contractors-are-leading-ai-adoption/,mbopartners.com,0.269
Dear SaaStr: How Do I Structure a Comp Package for Our First VP of Sales?,https://www.saastr.com/dear-saastr-how-do-i-structure-a-comp-package-for-our-first-vp-of-sales/,saastr.com,0.231
Creating Opportunity in Every Era of Work,https://www.youtube.com/watch?v=RGyJZpC0yVQ,youtube.com,0.269
